Id,Class
14397,9
14398,9
14399,9
14400,9
14401,9
14402,9
14403,9
14404,9
14405,9
14406,9
14407,9
14408,9
14409,9
14410,9
14411,9
14412,10
14413,9
14414,9
14415,9
14416,9
14417,9
14418,9
14419,9
14420,9
14421,9
14422,9
14423,9
14424,10
14425,9
14426,9
14427,9
14428,10
14429,9
14430,9
14431,9
14432,9
14433,9
14434,9
14435,9
14436,9
14437,9
14438,9
14439,9
14440,9
14441,9
14442,9
14443,9
14444,9
14445,10
14446,9
14447,9
14448,9
14449,9
14450,9
14451,9
14452,9
14453,9
14454,9
14455,9
14456,9
14457,9
14458,9
14459,9
14460,9
14461,9
14462,9
14463,9
14464,9
14465,9
14466,9
14467,9
14468,9
14469,9
14470,9
14471,9
14472,9
14473,9
14474,9
14475,9
14476,9
14477,9
14478,9
14479,9
14480,9
14481,9
14482,10
14483,9
14484,9
14485,9
14486,9
14487,9
14488,9
14489,9
14490,9
14491,9
14492,9
14493,9
14494,9
14495,9
14496,9
14497,9
14498,9
14499,9
14500,9
14501,10
14502,9
14503,9
14504,9
14505,9
14506,9
14507,9
14508,9
14509,9
14510,9
14511,9
14512,9
14513,9
14514,9
14515,9
14516,9
14517,9
14518,10
14519,9
14520,9
14521,9
14522,9
14523,9
14524,9
14525,9
14526,9
14527,9
14528,9
14529,10
14530,9
14531,9
14532,9
14533,9
14534,9
14535,9
14536,9
14537,9
14538,9
14539,9
14540,9
14541,9
14542,9
14543,9
14544,9
14545,9
14546,9
14547,9
14548,9
14549,9
14550,9
14551,10
14552,9
14553,9
14554,9
14555,9
14556,9
14557,9
14558,9
14559,9
14560,9
14561,9
14562,9
14563,9
14564,9
14565,9
14566,9
14567,9
14568,9
14569,9
14570,9
14571,9
14572,9
14573,9
14574,9
14575,9
14576,10
14577,9
14578,9
14579,9
14580,9
14581,9
14582,10
14583,9
14584,9
14585,9
14586,9
14587,9
14588,9
14589,9
14590,9
14591,9
14592,9
14593,9
14594,9
14595,9
14596,9
14597,9
14598,9
14599,9
14600,9
14601,9
14602,9
14603,9
14604,9
14605,9
14606,9
14607,9
14608,9
14609,9
14610,9
14611,9
14612,9
14613,9
14614,9
14615,10
14616,9
14617,9
14618,9
14619,9
14620,9
14621,9
14622,9
14623,9
14624,9
14625,9
14626,9
14627,9
14628,9
14629,9
14630,9
14631,9
14632,10
14633,9
14634,9
14635,9
14636,9
14637,9
14638,9
14639,9
14640,9
14641,9
14642,9
14643,9
14644,9
14645,9
14646,9
14647,9
14648,9
14649,9
14650,9
14651,9
14652,10
14653,9
14654,9
14655,9
14656,9
14657,9
14658,9
14659,9
14660,9
14661,9
14662,9
14663,9
14664,9
14665,9
14666,9
14667,9
14668,9
14669,9
14670,9
14671,9
14672,10
14673,9
14674,9
14675,9
14676,9
14677,9
14678,9
14679,9
14680,9
14681,9
14682,9
14683,9
14684,9
14685,9
14686,10
14687,9
14688,9
14689,9
14690,9
14691,9
14692,10
14693,9
14694,9
14695,9
14696,9
14697,9
14698,9
14699,9
14700,9
14701,9
14702,9
14703,10
14704,9
14705,9
14706,9
14707,9
14708,9
14709,9
14710,9
14711,9
14712,9
14713,9
14714,9
14715,9
14716,9
14717,9
14718,9
14719,9
14720,9
14721,9
14722,9
14723,9
14724,9
14725,9
14726,9
14727,9
14728,9
14729,9
14730,9
14731,9
14732,9
14733,9
14734,9
14735,9
14736,9
14737,9
14738,9
14739,9
14740,9
14741,9
14742,9
14743,9
14744,9
14745,9
14746,9
14747,9
14748,9
14749,9
14750,10
14751,9
14752,9
14753,9
14754,9
14755,9
14756,9
14757,9
14758,9
14759,9
14760,9
14761,10
14762,9
14763,9
14764,9
14765,9
14766,9
14767,9
14768,9
14769,9
14770,9
14771,9
14772,9
14773,9
14774,9
14775,9
14776,9
14777,9
14778,9
14779,9
14780,9
14781,9
14782,9
14783,9
14784,9
14785,9
14786,9
14787,9
14788,9
14789,9
14790,9
14791,9
14792,9
14793,9
14794,9
14795,9
14796,9
14797,9
14798,9
14799,9
14800,9
14801,9
14802,9
14803,10
14804,9
14805,9
14806,9
14807,9
14808,9
14809,9
14810,10
14811,9
14812,10
14813,9
14814,9
14815,9
14816,9
14817,9
14818,10
14819,9
14820,9
14821,9
14822,9
14823,9
14824,9
14825,9
14826,9
14827,9
14828,9
14829,9
14830,9
14831,9
14832,9
14833,9
14834,9
14835,9
14836,9
14837,9
14838,9
14839,9
14840,9
14841,9
14842,9
14843,9
14844,9
14845,9
14846,9
14847,9
14848,9
14849,9
14850,9
14851,9
14852,9
14853,9
14854,9
14855,9
14856,9
14857,9
14858,9
14859,10
14860,9
14861,9
14862,9
14863,9
14864,9
14865,9
14866,9
14867,9
14868,9
14869,9
14870,9
14871,9
14872,9
14873,9
14874,9
14875,9
14876,9
14877,9
14878,9
14879,9
14880,9
14881,9
14882,9
14883,9
14884,9
14885,9
14886,9
14887,9
14888,9
14889,9
14890,9
14891,9
14892,9
14893,9
14894,9
14895,10
14896,9
14897,9
14898,9
14899,9
14900,9
14901,9
14902,9
14903,9
14904,9
14905,9
14906,9
14907,9
14908,9
14909,9
14910,9
14911,9
14912,9
14913,9
14914,9
14915,9
14916,9
14917,9
14918,9
14919,9
14920,9
14921,9
14922,6
14923,9
14924,9
14925,9
14926,9
14927,9
14928,9
14929,9
14930,9
14931,9
14932,10
14933,9
14934,10
14935,9
14936,9
14937,9
14938,9
14939,9
14940,9
14941,9
14942,9
14943,9
14944,9
14945,9
14946,9
14947,9
14948,9
14949,9
14950,9
14951,9
14952,10
14953,9
14954,9
14955,9
14956,9
14957,10
14958,9
14959,9
14960,9
14961,9
14962,9
14963,9
14964,9
14965,9
14966,9
14967,9
14968,10
14969,9
14970,9
14971,9
14972,9
14973,9
14974,9
14975,9
14976,9
14977,9
14978,9
14979,9
14980,9
14981,9
14982,9
14983,9
14984,9
14985,9
14986,9
14987,9
14988,9
14989,9
14990,9
14991,9
14992,9
14993,9
14994,9
14995,9
14996,9
14997,9
14998,9
14999,9
15000,9
15001,9
15002,9
15003,9
15004,9
15005,10
15006,9
15007,9
15008,10
15009,9
15010,10
15011,9
15012,9
15013,9
15014,9
15015,9
15016,9
15017,9
15018,9
15019,9
15020,10
15021,9
15022,9
15023,9
15024,10
15025,9
15026,10
15027,9
15028,9
15029,9
15030,10
15031,9
15032,9
15033,9
15034,9
15035,9
15036,9
15037,10
15038,9
15039,9
15040,9
15041,9
15042,9
15043,9
15044,9
15045,9
15046,9
15047,9
15048,9
15049,9
15050,9
15051,9
15052,9
15053,9
15054,9
15055,9
15056,9
15057,9
15058,9
15059,9
15060,9
15061,9
15062,9
15063,9
15064,9
15065,9
15066,9
15067,9
15068,9
15069,9
15070,9
15071,9
15072,9
15073,9
15074,9
15075,9
15076,9
15077,9
15078,9
15079,10
15080,9
15081,9
15082,9
15083,9
15084,9
15085,9
15086,9
15087,9
15088,9
15089,9
15090,10
15091,9
15092,9
15093,9
15094,9
15095,9
15096,9
15097,9
15098,9
15099,9
15100,9
15101,9
15102,10
15103,9
15104,9
15105,9
15106,9
15107,9
15108,9
15109,10
15110,9
15111,10
15112,9
15113,9
15114,9
15115,9
15116,9
15117,9
15118,9
15119,9
15120,9
15121,9
15122,9
15123,9
15124,9
15125,9
15126,9
15127,9
15128,9
15129,9
15130,9
15131,9
15132,9
15133,9
15134,9
15135,9
15136,9
15137,9
15138,9
15139,9
15140,10
15141,9
15142,9
15143,9
15144,9
15145,9
15146,9
15147,9
15148,9
15149,9
15150,9
15151,9
15152,9
15153,9
15154,10
15155,9
15156,9
15157,9
15158,10
15159,9
15160,9
15161,9
15162,9
15163,9
15164,9
15165,9
15166,9
15167,10
15168,9
15169,9
15170,9
15171,9
15172,9
15173,9
15174,9
15175,9
15176,9
15177,9
15178,9
15179,9
15180,9
15181,9
15182,9
15183,9
15184,9
15185,9
15186,9
15187,9
15188,9
15189,9
15190,9
15191,9
15192,9
15193,9
15194,9
15195,9
15196,9
15197,9
15198,9
15199,9
15200,9
15201,9
15202,9
15203,9
15204,9
15205,9
15206,9
15207,9
15208,9
15209,9
15210,9
15211,9
15212,9
15213,10
15214,9
15215,9
15216,9
15217,9
15218,10
15219,9
15220,9
15221,9
15222,9
15223,10
15224,9
15225,9
15226,9
15227,9
15228,9
15229,9
15230,9
15231,9
15232,9
15233,9
15234,9
15235,9
15236,9
15237,9
15238,9
15239,9
15240,9
15241,9
15242,9
15243,9
15244,9
15245,9
15246,9
15247,9
15248,9
15249,9
15250,9
15251,9
15252,9
15253,9
15254,9
15255,9
15256,9
15257,9
15258,9
15259,9
15260,9
15261,9
15262,9
15263,9
15264,9
15265,9
15266,9
15267,9
15268,9
15269,9
15270,9
15271,9
15272,9
15273,9
15274,9
15275,9
15276,9
15277,9
15278,10
15279,9
15280,9
15281,9
15282,9
15283,9
15284,9
15285,9
15286,9
15287,9
15288,9
15289,10
15290,9
15291,9
15292,9
15293,9
15294,9
15295,10
15296,9
15297,9
15298,9
15299,9
15300,9
15301,9
15302,9
15303,9
15304,9
15305,9
15306,9
15307,9
15308,9
15309,9
15310,9
15311,10
15312,9
15313,9
15314,9
15315,9
15316,9
15317,9
15318,9
15319,9
15320,9
15321,9
15322,10
15323,9
15324,9
15325,9
15326,9
15327,9
15328,9
15329,9
15330,9
15331,9
15332,9
15333,9
15334,9
15335,9
15336,9
15337,9
15338,9
15339,9
15340,9
15341,9
15342,9
15343,9
15344,10
15345,9
15346,10
15347,9
15348,9
15349,9
15350,9
15351,9
15352,9
15353,9
15354,9
15355,9
15356,9
15357,9
15358,9
15359,9
15360,9
15361,9
15362,9
15363,9
15364,9
15365,9
15366,9
15367,9
15368,9
15369,9
15370,9
15371,9
15372,9
15373,9
15374,9
15375,9
15376,9
15377,10
15378,10
15379,9
15380,9
15381,9
15382,10
15383,9
15384,9
15385,9
15386,9
15387,10
15388,9
15389,9
15390,9
15391,9
15392,9
15393,9
15394,9
15395,9
15396,9
15397,9
15398,9
15399,9
15400,10
15401,9
15402,9
15403,9
15404,9
15405,9
15406,9
15407,9
15408,9
15409,10
15410,9
15411,9
15412,9
15413,9
15414,10
15415,9
15416,10
15417,9
15418,9
15419,9
15420,9
15421,9
15422,9
15423,9
15424,9
15425,9
15426,9
15427,9
15428,9
15429,9
15430,9
15431,9
15432,10
15433,9
15434,9
15435,9
15436,9
15437,9
15438,9
15439,9
15440,9
15441,9
15442,9
15443,9
15444,9
15445,9
15446,9
15447,9
15448,9
15449,9
15450,9
15451,9
15452,9
15453,9
15454,9
15455,9
15456,10
15457,9
15458,9
15459,9
15460,9
15461,9
15462,9
15463,9
15464,9
15465,9
15466,9
15467,9
15468,9
15469,9
15470,9
15471,9
15472,9
15473,9
15474,9
15475,9
15476,9
15477,9
15478,9
15479,9
15480,9
15481,9
15482,9
15483,9
15484,9
15485,9
15486,9
15487,9
15488,9
15489,9
15490,9
15491,9
15492,9
15493,9
15494,9
15495,9
15496,9
15497,9
15498,9
15499,9
15500,9
15501,9
15502,9
15503,9
15504,9
15505,9
15506,9
15507,9
15508,9
15509,9
15510,9
15511,9
15512,9
15513,9
15514,9
15515,9
15516,9
15517,9
15518,9
15519,9
15520,9
15521,9
15522,9
15523,9
15524,9
15525,10
15526,9
15527,10
15528,9
15529,9
15530,9
15531,9
15532,9
15533,9
15534,9
15535,9
15536,9
15537,9
15538,10
15539,9
15540,9
15541,9
15542,9
15543,9
15544,9
15545,9
15546,10
15547,9
15548,9
15549,9
15550,9
15551,9
15552,9
15553,9
15554,9
15555,9
15556,9
15557,10
15558,9
15559,9
15560,9
15561,9
15562,9
15563,9
15564,9
15565,10
15566,9
15567,9
15568,9
15569,9
15570,9
15571,9
15572,9
15573,9
15574,9
15575,9
15576,9
15577,9
15578,9
15579,9
15580,10
15581,10
15582,9
15583,9
15584,9
15585,9
15586,9
15587,10
15588,9
15589,9
15590,9
15591,9
15592,9
15593,9
15594,9
15595,9
15596,9
15597,9
15598,9
15599,9
15600,10
15601,9
15602,9
15603,9
15604,9
15605,9
15606,9
15607,9
15608,9
15609,9
15610,9
15611,10
15612,9
15613,9
15614,9
15615,9
15616,9
15617,9
15618,9
15619,9
15620,9
15621,9
15622,9
15623,9
15624,9
15625,9
15626,9
15627,9
15628,9
15629,9
15630,9
15631,10
15632,9
15633,9
15634,9
15635,9
15636,9
15637,9
15638,9
15639,9
15640,9
15641,9
15642,9
15643,9
15644,9
15645,9
15646,9
15647,9
15648,9
15649,9
15650,9
15651,9
15652,9
15653,9
15654,9
15655,9
15656,9
15657,9
15658,9
15659,9
15660,9
15661,9
15662,9
15663,9
15664,9
15665,9
15666,9
15667,9
15668,9
15669,9
15670,9
15671,10
15672,9
15673,9
15674,10
15675,9
15676,9
15677,9
15678,10
15679,9
15680,9
15681,9
15682,9
15683,9
15684,9
15685,9
15686,9
15687,9
15688,9
15689,9
15690,9
15691,9
15692,9
15693,9
15694,9
15695,9
15696,9
15697,9
15698,9
15699,9
15700,9
15701,9
15702,10
15703,9
15704,9
15705,9
15706,9
15707,9
15708,9
15709,9
15710,9
15711,9
15712,9
15713,9
15714,9
15715,9
15716,9
15717,9
15718,9
15719,9
15720,9
15721,9
15722,9
15723,9
15724,9
15725,9
15726,9
15727,9
15728,9
15729,9
15730,9
15731,10
15732,10
15733,9
15734,10
15735,9
15736,9
15737,9
15738,9
15739,9
15740,9
15741,9
15742,9
15743,9
15744,9
15745,9
15746,9
15747,9
15748,9
15749,9
15750,10
15751,9
15752,9
15753,9
15754,9
15755,10
15756,9
15757,9
15758,9
15759,9
15760,10
15761,9
15762,10
15763,9
15764,9
15765,9
15766,9
15767,9
15768,9
15769,9
15770,9
15771,9
15772,9
15773,9
15774,9
15775,9
15776,9
15777,9
15778,9
15779,9
15780,9
15781,9
15782,9
15783,9
15784,9
15785,10
15786,9
15787,9
15788,9
15789,9
15790,9
15791,9
15792,9
15793,9
15794,9
15795,9
15796,9
15797,9
15798,9
15799,9
15800,9
15801,9
15802,9
15803,9
15804,9
15805,9
15806,9
15807,9
15808,9
15809,9
15810,10
15811,9
15812,9
15813,9
15814,9
15815,9
15816,9
15817,9
15818,9
15819,9
15820,9
15821,9
15822,9
15823,9
15824,9
15825,9
15826,10
15827,9
15828,9
15829,9
15830,9
15831,9
15832,9
15833,9
15834,9
15835,10
15836,9
15837,9
15838,9
15839,9
15840,9
15841,9
15842,9
15843,9
15844,9
15845,9
15846,9
15847,9
15848,9
15849,9
15850,9
15851,9
15852,9
15853,9
15854,9
15855,9
15856,9
15857,9
15858,9
15859,9
15860,9
15861,9
15862,9
15863,10
15864,9
15865,9
15866,9
15867,9
15868,9
15869,9
15870,9
15871,9
15872,9
15873,9
15874,9
15875,9
15876,9
15877,9
15878,9
15879,9
15880,9
15881,9
15882,9
15883,9
15884,9
15885,9
15886,9
15887,10
15888,9
15889,9
15890,10
15891,9
15892,9
15893,9
15894,9
15895,9
15896,9
15897,9
15898,10
15899,9
15900,9
15901,9
15902,9
15903,9
15904,9
15905,9
15906,9
15907,9
15908,9
15909,9
15910,9
15911,9
15912,9
15913,9
15914,9
15915,9
15916,9
15917,9
15918,9
15919,9
15920,9
15921,9
15922,9
15923,9
15924,9
15925,9
15926,9
15927,9
15928,9
15929,9
15930,9
15931,9
15932,9
15933,9
15934,9
15935,9
15936,9
15937,9
15938,9
15939,9
15940,9
15941,9
15942,9
15943,9
15944,9
15945,9
15946,9
15947,9
15948,9
15949,9
15950,9
15951,9
15952,9
15953,9
15954,9
15955,9
15956,9
15957,9
15958,9
15959,9
15960,9
15961,10
15962,9
15963,9
15964,10
15965,9
15966,9
15967,10
15968,9
15969,9
15970,9
15971,9
15972,10
15973,9
15974,9
15975,9
15976,9
15977,9
15978,9
15979,9
15980,9
15981,9
15982,9
15983,9
15984,9
15985,9
15986,9
15987,9
15988,9
15989,9
15990,9
15991,9
15992,10
15993,10
15994,9
15995,9
15996,9
15997,9
15998,9
15999,10
16000,9
16001,9
16002,9
16003,9
16004,9
16005,9
16006,9
16007,9
16008,10
16009,9
16010,9
16011,9
16012,9
16013,9
16014,9
16015,9
16016,9
16017,9
16018,9
16019,9
16020,10
16021,9
16022,9
16023,9
16024,9
16025,9
16026,9
16027,9
16028,9
16029,9
16030,9
16031,9
16032,9
16033,9
16034,9
16035,9
16036,9
16037,9
16038,10
16039,9
16040,10
16041,9
16042,9
16043,9
16044,9
16045,9
16046,9
16047,9
16048,9
16049,9
16050,9
16051,9
16052,9
16053,9
16054,9
16055,9
16056,9
16057,9
16058,10
16059,10
16060,9
16061,9
16062,9
16063,9
16064,9
16065,9
16066,9
16067,9
16068,9
16069,9
16070,9
16071,10
16072,9
16073,9
16074,9
16075,10
16076,9
16077,9
16078,9
16079,9
16080,10
16081,10
16082,9
16083,9
16084,9
16085,9
16086,9
16087,9
16088,9
16089,9
16090,9
16091,9
16092,9
16093,9
16094,9
16095,9
16096,9
16097,9
16098,9
16099,9
16100,9
16101,9
16102,9
16103,9
16104,9
16105,9
16106,9
16107,9
16108,9
16109,9
16110,9
16111,9
16112,9
16113,9
16114,9
16115,9
16116,9
16117,9
16118,9
16119,10
16120,9
16121,9
16122,9
16123,9
16124,9
16125,9
16126,9
16127,9
16128,9
16129,9
16130,10
16131,9
16132,9
16133,9
16134,9
16135,9
16136,9
16137,9
16138,9
16139,9
16140,9
16141,9
16142,9
16143,9
16144,9
16145,9
16146,9
16147,9
16148,9
16149,9
16150,9
16151,9
16152,9
16153,9
16154,9
16155,9
16156,9
16157,9
16158,9
16159,9
16160,9
16161,9
16162,9
16163,9
16164,9
16165,9
16166,9
16167,9
16168,9
16169,10
16170,9
16171,9
16172,9
16173,9
16174,9
16175,9
16176,9
16177,9
16178,9
16179,9
16180,9
16181,9
16182,9
16183,9
16184,9
16185,9
16186,9
16187,9
16188,9
16189,9
16190,9
16191,9
16192,9
16193,10
16194,9
16195,9
16196,9
16197,9
16198,9
16199,9
16200,9
16201,9
16202,9
16203,9
16204,9
16205,10
16206,9
16207,9
16208,9
16209,9
16210,9
16211,9
16212,9
16213,9
16214,9
16215,9
16216,10
16217,9
16218,9
16219,9
16220,9
16221,9
16222,9
16223,9
16224,9
16225,9
16226,9
16227,9
16228,9
16229,9
16230,9
16231,9
16232,9
16233,9
16234,9
16235,9
16236,9
16237,9
16238,9
16239,9
16240,9
16241,9
16242,10
16243,9
16244,9
16245,10
16246,9
16247,9
16248,9
16249,9
16250,10
16251,9
16252,9
16253,10
16254,9
16255,9
16256,10
16257,9
16258,9
16259,9
16260,9
16261,9
16262,9
16263,9
16264,9
16265,9
16266,9
16267,9
16268,9
16269,10
16270,9
16271,9
16272,9
16273,10
16274,9
16275,9
16276,9
16277,9
16278,9
16279,9
16280,9
16281,9
16282,9
16283,9
16284,10
16285,9
16286,9
16287,9
16288,9
16289,9
16290,9
16291,9
16292,9
16293,9
16294,9
16295,9
16296,9
16297,9
16298,9
16299,9
16300,9
16301,9
16302,9
16303,9
16304,9
16305,9
16306,9
16307,9
16308,9
16309,9
16310,9
16311,9
16312,9
16313,9
16314,9
16315,9
16316,9
16317,9
16318,10
16319,9
16320,9
16321,9
16322,9
16323,9
16324,9
16325,9
16326,9
16327,9
16328,9
16329,9
16330,9
16331,9
16332,9
16333,9
16334,9
16335,9
16336,9
16337,9
16338,9
16339,9
16340,9
16341,9
16342,9
16343,9
16344,9
16345,9
16346,9
16347,9
16348,9
16349,9
16350,9
16351,10
16352,9
16353,9
16354,9
16355,9
16356,9
16357,9
16358,9
16359,9
16360,9
16361,9
16362,9
16363,10
16364,9
16365,9
16366,9
16367,9
16368,9
16369,9
16370,9
16371,9
16372,9
16373,9
16374,9
16375,9
16376,9
16377,9
16378,9
16379,9
16380,9
16381,9
16382,9
16383,9
16384,9
16385,9
16386,9
16387,9
16388,9
16389,9
16390,9
16391,9
16392,9
16393,9
16394,9
16395,9
16396,9
16397,9
16398,10
16399,9
16400,9
16401,9
16402,9
16403,9
16404,9
16405,9
16406,9
16407,9
16408,9
16409,9
16410,9
16411,9
16412,9
16413,9
16414,9
16415,9
16416,9
16417,9
16418,9
16419,9
16420,9
16421,9
16422,9
16423,9
16424,9
16425,9
16426,9
16427,9
16428,9
16429,9
16430,9
16431,9
16432,9
16433,9
16434,9
16435,9
16436,9
16437,9
16438,10
16439,9
16440,9
16441,9
16442,9
16443,10
16444,9
16445,9
16446,9
16447,9
16448,9
16449,9
16450,9
16451,9
16452,9
16453,9
16454,9
16455,9
16456,9
16457,9
16458,9
16459,9
16460,9
16461,9
16462,9
16463,9
16464,9
16465,9
16466,9
16467,9
16468,9
16469,9
16470,9
16471,9
16472,9
16473,9
16474,9
16475,9
16476,9
16477,9
16478,9
16479,9
16480,9
16481,9
16482,10
16483,9
16484,9
16485,9
16486,9
16487,9
16488,9
16489,9
16490,9
16491,9
16492,9
16493,9
16494,10
16495,9
16496,9
16497,9
16498,9
16499,9
16500,9
16501,9
16502,9
16503,9
16504,9
16505,9
16506,9
16507,9
16508,9
16509,9
16510,9
16511,9
16512,9
16513,9
16514,9
16515,9
16516,9
16517,9
16518,9
16519,9
16520,9
16521,10
16522,9
16523,9
16524,9
16525,9
16526,9
16527,9
16528,9
16529,9
16530,9
16531,9
16532,9
16533,9
16534,9
16535,9
16536,9
16537,9
16538,9
16539,9
16540,9
16541,10
16542,9
16543,9
16544,9
16545,9
16546,10
16547,9
16548,9
16549,9
16550,10
16551,9
16552,10
16553,9
16554,9
16555,9
16556,9
16557,9
16558,9
16559,9
16560,9
16561,9
16562,9
16563,9
16564,9
16565,9
16566,9
16567,9
16568,9
16569,9
16570,9
16571,9
16572,9
16573,9
16574,9
16575,9
16576,9
16577,9
16578,9
16579,9
16580,9
16581,9
16582,9
16583,9
16584,9
16585,9
16586,9
16587,9
16588,9
16589,9
16590,10
16591,9
16592,9
16593,9
16594,9
16595,9
16596,9
16597,10
16598,9
16599,9
16600,9
16601,10
16602,9
16603,9
16604,9
16605,9
16606,9
16607,9
16608,10
16609,9
16610,10
16611,9
16612,9
16613,9
16614,9
16615,9
16616,9
16617,9
16618,9
16619,9
16620,9
16621,9
16622,9
16623,9
16624,9
16625,9
16626,9
16627,9
16628,9
16629,9
16630,9
16631,9
16632,9
16633,9
16634,9
16635,9
16636,9
16637,9
16638,9
16639,9
16640,9
16641,9
16642,9
16643,9
16644,9
16645,9
16646,9
16647,9
16648,9
16649,9
16650,9
16651,10
16652,9
16653,9
16654,9
16655,9
16656,9
16657,9
16658,9
16659,9
16660,9
16661,9
16662,9
16663,9
16664,9
16665,9
16666,9
16667,9
16668,9
16669,10
16670,10
16671,9
16672,9
16673,9
16674,9
16675,9
16676,10
16677,9
16678,9
16679,9
16680,9
16681,9
16682,9
16683,9
16684,9
16685,9
16686,9
16687,9
16688,9
16689,9
16690,9
16691,9
16692,9
16693,9
16694,9
16695,9
16696,9
16697,9
16698,9
16699,9
16700,9
16701,9
16702,9
16703,9
16704,9
16705,9
16706,9
16707,9
16708,9
16709,9
16710,9
16711,9
16712,9
16713,9
16714,9
16715,9
16716,9
16717,9
16718,9
16719,9
16720,9
16721,10
16722,9
16723,9
16724,9
16725,9
16726,9
16727,9
16728,9
16729,9
16730,9
16731,10
16732,9
16733,9
16734,9
16735,9
16736,9
16737,9
16738,9
16739,9
16740,9
16741,9
16742,9
16743,9
16744,9
16745,9
16746,9
16747,9
16748,9
16749,9
16750,9
16751,9
16752,9
16753,9
16754,10
16755,9
16756,9
16757,9
16758,9
16759,9
16760,10
16761,9
16762,9
16763,9
16764,9
16765,9
16766,9
16767,9
16768,9
16769,9
16770,9
16771,9
16772,9
16773,9
16774,9
16775,9
16776,9
16777,9
16778,9
16779,9
16780,9
16781,9
16782,9
16783,9
16784,9
16785,9
16786,9
16787,9
16788,9
16789,9
16790,9
16791,9
16792,9
16793,9
16794,9
16795,9
16796,9
16797,9
16798,9
16799,9
16800,9
16801,9
16802,9
16803,9
16804,9
16805,9
16806,9
16807,9
16808,9
16809,9
16810,9
16811,9
16812,9
16813,9
16814,9
16815,9
16816,9
16817,9
16818,9
16819,9
16820,9
16821,9
16822,9
16823,9
16824,9
16825,9
16826,9
16827,9
16828,9
16829,9
16830,9
16831,9
16832,9
16833,9
16834,9
16835,9
16836,9
16837,9
16838,9
16839,9
16840,10
16841,9
16842,9
16843,9
16844,10
16845,9
16846,10
16847,9
16848,9
16849,9
16850,9
16851,9
16852,9
16853,9
16854,9
16855,9
16856,9
16857,10
16858,9
16859,9
16860,9
16861,9
16862,9
16863,9
16864,9
16865,9
16866,9
16867,9
16868,9
16869,9
16870,9
16871,9
16872,9
16873,9
16874,9
16875,9
16876,9
16877,9
16878,9
16879,9
16880,9
16881,9
16882,9
16883,10
16884,9
16885,9
16886,9
16887,9
16888,9
16889,9
16890,9
16891,9
16892,9
16893,9
16894,9
16895,9
16896,9
16897,9
16898,9
16899,9
16900,9
16901,9
16902,9
16903,9
16904,9
16905,9
16906,9
16907,9
16908,9
16909,9
16910,9
16911,9
16912,9
16913,9
16914,10
16915,9
16916,9
16917,9
16918,9
16919,9
16920,9
16921,10
16922,9
16923,9
16924,9
16925,10
16926,9
16927,9
16928,9
16929,9
16930,9
16931,9
16932,9
16933,9
16934,9
16935,9
16936,9
16937,9
16938,9
16939,10
16940,9
16941,9
16942,9
16943,9
16944,9
16945,9
16946,9
16947,9
16948,9
16949,9
16950,9
16951,9
16952,9
16953,9
16954,9
16955,9
16956,9
16957,9
16958,9
16959,9
16960,9
16961,9
16962,9
16963,9
16964,9
16965,9
16966,9
16967,9
16968,9
16969,9
16970,10
16971,9
16972,9
16973,10
16974,9
16975,9
16976,9
16977,9
16978,9
16979,9
16980,9
16981,9
16982,9
16983,9
16984,9
16985,10
16986,9
16987,9
16988,9
16989,9
16990,9
16991,9
16992,9
16993,9
16994,9
16995,9
16996,9
16997,9
16998,9
16999,9
17000,9
17001,9
17002,9
17003,9
17004,9
17005,9
17006,9
17007,9
17008,10
17009,9
17010,9
17011,9
17012,9
17013,9
17014,9
17015,9
17016,9
17017,9
17018,10
17019,9
17020,9
17021,9
17022,9
17023,9
17024,9
17025,9
17026,9
17027,10
17028,9
17029,9
17030,9
17031,9
17032,9
17033,9
17034,9
17035,9
17036,9
17037,9
17038,9
17039,9
17040,9
17041,10
17042,9
17043,9
17044,9
17045,9
17046,10
17047,9
17048,9
17049,10
17050,9
17051,9
17052,10
17053,9
17054,9
17055,9
17056,9
17057,9
17058,9
17059,9
17060,9
17061,9
17062,9
17063,9
17064,9
17065,10
17066,9
17067,9
17068,9
17069,9
17070,9
17071,9
17072,9
17073,9
17074,9
17075,10
17076,9
17077,9
17078,9
17079,9
17080,9
17081,10
17082,9
17083,9
17084,9
17085,9
17086,9
17087,9
17088,9
17089,9
17090,9
17091,9
17092,9
17093,9
17094,9
17095,9
17096,9
17097,9
17098,9
17099,9
17100,9
17101,9
17102,9
17103,9
17104,9
17105,9
17106,9
17107,9
17108,9
17109,9
17110,9
17111,9
17112,9
17113,9
17114,9
17115,9
17116,9
17117,9
17118,9
17119,9
17120,9
17121,9
17122,9
17123,10
17124,9
17125,10
17126,9
17127,9
17128,9
17129,9
17130,10
17131,9
17132,10
17133,9
17134,9
17135,9
17136,9
17137,9
17138,9
17139,9
17140,9
17141,9
17142,9
17143,9
17144,9
17145,9
17146,9
17147,9
17148,9
17149,9
17150,9
17151,9
17152,9
17153,9
17154,9
17155,9
17156,9
17157,9
17158,9
17159,9
17160,9
17161,9
17162,9
17163,9
17164,10
17165,9
17166,9
17167,9
17168,9
17169,9
17170,9
17171,9
17172,9
17173,9
17174,9
17175,9
17176,9
17177,9
17178,9
17179,9
17180,9
17181,9
17182,9
17183,9
17184,9
17185,9
17186,9
17187,9
17188,9
17189,9
17190,9
17191,9
17192,9
17193,9
17194,9
17195,9
17196,9
17197,9
17198,9
17199,9
17200,9
17201,9
17202,9
17203,9
17204,9
17205,9
17206,9
17207,9
17208,9
17209,9
17210,9
17211,9
17212,9
17213,9
17214,9
17215,10
17216,9
17217,9
17218,10
17219,9
17220,9
17221,9
17222,9
17223,9
17224,9
17225,9
17226,9
17227,9
17228,9
17229,9
17230,9
17231,9
17232,9
17233,9
17234,9
17235,9
17236,9
17237,9
17238,10
17239,9
17240,9
17241,9
17242,9
17243,9
17244,9
17245,9
17246,9
17247,9
17248,9
17249,9
17250,9
17251,9
17252,9
17253,9
17254,9
17255,9
17256,9
17257,9
17258,9
17259,9
17260,9
17261,9
17262,9
17263,9
17264,9
17265,9
17266,9
17267,9
17268,9
17269,9
17270,9
17271,9
17272,9
17273,9
17274,9
17275,9
17276,9
17277,10
17278,10
17279,9
17280,9
17281,9
17282,10
17283,10
17284,10
17285,9
17286,9
17287,9
17288,9
17289,9
17290,9
17291,9
17292,9
17293,9
17294,9
17295,9
17296,9
17297,9
17298,9
17299,9
17300,9
17301,9
17302,9
17303,9
17304,9
17305,9
17306,10
17307,10
17308,9
17309,9
17310,9
17311,9
17312,9
17313,9
17314,9
17315,9
17316,9
17317,9
17318,9
17319,9
17320,9
17321,10
17322,9
17323,9
17324,9
17325,9
17326,10
17327,9
17328,9
17329,9
17330,9
17331,9
17332,9
17333,9
17334,9
17335,9
17336,9
17337,9
17338,9
17339,9
17340,9
17341,9
17342,10
17343,9
17344,9
17345,9
17346,10
17347,9
17348,9
17349,9
17350,9
17351,9
17352,9
17353,9
17354,9
17355,9
17356,9
17357,9
17358,9
17359,9
17360,9
17361,9
17362,9
17363,9
17364,9
17365,9
17366,9
17367,9
17368,9
17369,9
17370,9
17371,9
17372,9
17373,9
17374,9
17375,9
17376,9
17377,9
17378,9
17379,9
17380,9
17381,9
17382,9
17383,9
17384,9
17385,9
17386,9
17387,9
17388,9
17389,9
17390,9
17391,9
17392,9
17393,9
17394,9
17395,9
17396,9
17397,9
17398,9
17399,9
17400,9
17401,9
17402,9
17403,9
17404,9
17405,9
17406,9
17407,10
17408,9
17409,9
17410,9
17411,9
17412,9
17413,9
17414,9
17415,10
17416,9
17417,10
17418,9
17419,9
17420,9
17421,9
17422,9
17423,9
17424,9
17425,10
17426,9
17427,9
17428,9
17429,9
17430,9
17431,9
17432,9
17433,9
17434,9
17435,9
17436,10
17437,9
17438,9
17439,9
17440,9
17441,9
17442,9
17443,9
17444,9
17445,9
17446,9
17447,9
17448,9
17449,9
17450,9
17451,9
17452,9
17453,9
17454,10
17455,10
17456,9
17457,9
17458,10
17459,9
17460,9
17461,9
17462,9
17463,9
17464,9
17465,9
17466,9
17467,9
17468,9
17469,9
17470,9
17471,9
17472,9
17473,9
17474,9
17475,10
17476,9
17477,9
17478,9
17479,9
17480,9
17481,9
17482,9
17483,9
17484,10
17485,9
17486,9
17487,9
17488,9
17489,9
17490,9
17491,10
17492,9
17493,9
17494,9
17495,9
17496,10
17497,9
17498,9
17499,9
17500,9
17501,9
17502,9
17503,9
17504,9
17505,9
17506,9
17507,9
17508,9
17509,9
17510,9
17511,9
17512,9
17513,9
17514,9
17515,9
17516,9
17517,9
17518,9
17519,9
17520,9
17521,9
17522,9
17523,9
17524,9
17525,9
17526,9
17527,9
17528,9
17529,9
17530,9
17531,9
17532,9
17533,9
17534,10
17535,9
17536,9
17537,9
17538,9
17539,9
17540,9
17541,9
17542,9
17543,10
17544,9
17545,10
17546,9
17547,9
17548,9
17549,9
17550,9
17551,9
17552,9
17553,9
17554,9
17555,9
17556,9
17557,9
17558,9
17559,9
17560,9
17561,9
17562,9
17563,9
17564,9
17565,9
17566,9
17567,9
17568,9
17569,9
17570,9
17571,9
17572,9
17573,10
17574,9
17575,9
17576,9
17577,9
17578,9
17579,9
17580,9
17581,9
17582,9
17583,9
17584,9
17585,9
17586,9
17587,9
17588,9
17589,9
17590,9
17591,9
17592,9
17593,10
17594,9
17595,9
17596,9
17597,9
17598,10
17599,9
17600,9
17601,9
17602,9
17603,9
17604,9
17605,9
17606,9
17607,9
17608,9
17609,9
17610,9
17611,9
17612,9
17613,9
17614,9
17615,9
17616,9
17617,9
17618,9
17619,9
17620,9
17621,9
17622,10
17623,9
17624,9
17625,9
17626,9
17627,10
17628,9
17629,9
17630,9
17631,9
17632,9
17633,9
17634,9
17635,9
17636,9
17637,9
17638,9
17639,9
17640,9
17641,9
17642,9
17643,9
17644,9
17645,9
17646,9
17647,9
17648,9
17649,9
17650,9
17651,10
17652,9
17653,9
17654,9
17655,9
17656,9
17657,9
17658,9
17659,9
17660,9
17661,9
17662,9
17663,9
17664,9
17665,9
17666,9
17667,9
17668,9
17669,9
17670,9
17671,9
17672,9
17673,9
17674,9
17675,9
17676,9
17677,9
17678,9
17679,9
17680,9
17681,9
17682,9
17683,9
17684,9
17685,9
17686,9
17687,9
17688,9
17689,10
17690,9
17691,9
17692,9
17693,9
17694,9
17695,9
17696,9
17697,9
17698,9
17699,9
17700,9
17701,9
17702,9
17703,9
17704,9
17705,9
17706,9
17707,9
17708,9
17709,9
17710,9
17711,9
17712,9
17713,9
17714,10
17715,9
17716,9
17717,9
17718,9
17719,9
17720,9
17721,9
17722,9
17723,9
17724,9
17725,9
17726,9
17727,9
17728,9
17729,9
17730,9
17731,9
17732,9
17733,9
17734,9
17735,9
17736,10
17737,9
17738,9
17739,9
17740,9
17741,9
17742,9
17743,9
17744,9
17745,9
17746,9
17747,9
17748,9
17749,9
17750,9
17751,9
17752,10
17753,10
17754,9
17755,9
17756,9
17757,9
17758,9
17759,9
17760,9
17761,9
17762,9
17763,9
17764,9
17765,9
17766,9
17767,9
17768,9
17769,9
17770,9
17771,9
17772,9
17773,9
17774,9
17775,9
17776,9
17777,9
17778,9
17779,9
17780,9
17781,9
17782,9
17783,9
17784,9
17785,9
17786,9
17787,9
17788,9
17789,9
17790,9
17791,9
17792,9
17793,9
17794,10
17795,9
17796,10
17797,9
17798,9
17799,9
17800,9
17801,9
17802,9
17803,9
17804,9
17805,9
17806,9
17807,9
17808,9
17809,9
17810,9
17811,10
17812,9
17813,9
17814,9
17815,9
17816,9
17817,9
17818,9
17819,9
17820,9
17821,9
17822,9
17823,9
17824,9
17825,9
17826,9
17827,9
17828,9
17829,10
17830,9
17831,9
17832,9
17833,9
17834,9
17835,9
17836,9
17837,9
17838,9
17839,9
17840,9
17841,9
17842,9
17843,9
17844,9
17845,9
17846,9
17847,9
17848,9
17849,9
17850,9
17851,9
17852,9
17853,9
17854,9
17855,9
17856,9
17857,9
17858,9
17859,9
17860,9
17861,9
17862,9
17863,9
17864,9
17865,9
17866,9
17867,9
17868,9
17869,9
17870,10
17871,10
17872,9
17873,9
17874,9
17875,9
17876,10
17877,9
17878,9
17879,9
17880,9
17881,9
17882,9
17883,9
17884,9
17885,9
17886,9
17887,9
17888,10
17889,9
17890,10
17891,9
17892,9
17893,9
17894,9
17895,9
17896,9
17897,9
17898,9
17899,9
17900,9
17901,9
17902,9
17903,9
17904,9
17905,9
17906,9
17907,9
17908,9
17909,9
17910,9
17911,9
17912,9
17913,9
17914,9
17915,9
17916,9
17917,9
17918,9
17919,9
17920,9
17921,9
17922,9
17923,9
17924,9
17925,9
17926,9
17927,9
17928,9
17929,10
17930,9
17931,9
17932,9
17933,9
17934,9
17935,9
17936,9
17937,9
17938,9
17939,10
17940,9
17941,9
17942,9
17943,9
17944,9
17945,9
17946,9
17947,10
17948,9
17949,9
17950,9
17951,9
17952,9
17953,9
17954,9
17955,9
17956,9
17957,9
17958,9
17959,9
17960,10
17961,9
17962,9
17963,9
17964,9
17965,9
17966,9
17967,10
17968,9
17969,9
17970,10
17971,9
17972,9
17973,9
17974,9
17975,9
17976,9
17977,9
17978,9
17979,9
17980,9
17981,9
17982,9
17983,9
17984,9
17985,9
17986,9
17987,10
17988,9
17989,9
17990,9
17991,9
17992,9
17993,9
17994,9
17995,9
17996,9
